Url,Thumbnail_url,UserName
https://www.instagram.com/p/CubjJlEppP1,https://instagram.fluh3-1.fna.fbcdn.net/v/t51.2885-15/358160821_3538887559728182_8489624820632399410_n.jpg?stp=dst-jpg_e15_p360x360&_nc_ht=instagram.fluh3-1.fna.fbcdn.net&_nc_cat=102&_nc_ohc=_J6RIyF4neIAX9vQVXI&edm=AJXOVykBAAAA&ccb=7-5&ig_cache_key=MzE0MjI1OTc1NDkzMDcwNTM5Nw%3D%3D.2-ccb7-5&oh=00_AfDVxFtjhGwLyHXw6tP0lAfjmgLLpNXqk1C9vghskyrU0A&oe=64EC29E4&_nc_sid=07c3e7,officialsahihai
https://www.instagram.com/p/CwFqCnEBl5A,https://instagram.fluh3-2.fna.fbcdn.net/v/t51.2885-15/368083064_9679912745416752_1005790632612878000_n.jpg?stp=dst-jpg_e15_p360x360&_nc_ht=instagram.fluh3-2.fna.fbcdn.net&_nc_cat=100&_nc_ohc=rbwb9Q3UfsAAX9hcOQ5&edm=AJXOVykBAAAA&ccb=7-5&ig_cache_key=MzE3MjEyNjQwOTg4ODI1OTY0OA%3D%3D.2-ccb7-5&oh=00_AfBoYphrEQ6ARJZ1nvFyLGx0beRltNCpiqZmQb-s-PdFVA&oe=64EBE9CE&_nc_sid=07c3e7,shreyavalecha
https://www.instagram.com/p/CwKt83EoP8g,https://instagram.fluh3-1.fna.fbcdn.net/v/t51.2885-15/368562092_847467646652558_482430981825944290_n.jpg?stp=dst-jpg_e15&_nc_ht=instagram.fluh3-1.fna.fbcdn.net&_nc_cat=1&_nc_ohc=tOt4hC9tJ6UAX-Z1Do9&edm=AJXOVykBAAAA&ccb=7-5&ig_cache_key=MzE3MzU1MDk4MTgzMDk5OTg0MA%3D%3D.2-ccb7-5&oh=00_AfCTAfd062gTnO3Ek4b_1ncPt_wJ55p8VMESJCzS3d4_pQ&oe=64EC1F9F&_nc_sid=07c3e7,thewittyfolks
https://www.instagram.com/p/CwU8neHte-2,https://instagram.fluh3-1.fna.fbcdn.net/v/t51.2885-15/369571427_808289710991210_3869018426607486963_n.jpg?stp=dst-jpg_e15_p360x360&_nc_ht=instagram.fluh3-1.fna.fbcdn.net&_nc_cat=102&_nc_ohc=Kyj2w9VRbFEAX-ytW8K&edm=AJXOVykBAAAA&ccb=7-5&ig_cache_key=MzE3NjQzMDIzMjM5NDkxOTg2MjgwNzQzODUwNDM5NjAxNg%3D%3D.2-ccb7-5&oh=00_AfA2uMhCJz1SqUd1s-yIfyvU9vIhguFprR1McOfZS8OTqQ&oe=64EC11F2&_nc_sid=07c3e7,cookingwithayeh
https://www.instagram.com/p/CwUY9prgCZ1,https://instagram.fluh3-2.fna.fbcdn.net/v/t51.2885-15/369942421_610014677694477_1373265094940034485_n.jpg?stp=dst-jpg_e15_p360x360&_nc_ht=instagram.fluh3-2.fna.fbcdn.net&_nc_cat=109&_nc_ohc=9TxYCGQhmb8AX9KOqAr&edm=AJXOVykBAAAA&ccb=7-5&ig_cache_key=MzE3NjI3MzQyNjk2MDYyMzIyMQ%3D%3D.2-ccb7-5&oh=00_AfBa1Y24zeHfZHUPWpwYwjQzaS_H9PtFO9RadTbWnn0vLQ&oe=64EC0AC8&_nc_sid=07c3e7,wholesale999
https://www.instagram.com/p/CwSZ5S0M6aw,https://instagram.fluh3-2.fna.fbcdn.net/v/t51.2885-15/368886230_256407337265352_5452502145618484322_n.jpg?stp=dst-jpg_e15_p360x360&_nc_ht=instagram.fluh3-2.fna.fbcdn.net&_nc_cat=100&_nc_ohc=8gZKFN10x_4AX-o1uHJ&edm=AJXOVykBAAAA&ccb=7-5&ig_cache_key=MzE3NTcxNDU3NTYyNTcyNTYxNg%3D%3D.2-ccb7-5&oh=00_AfBKMUTR1hP3B7iq-syBB6oOhBPwk-xa-Rx5l7fymj5j5Q&oe=64EB8E8A&_nc_sid=07c3e7,overpowered.ai
https://www.instagram.com/p/CwPNY04IgYO,https://instagram.fluh3-1.fna.fbcdn.net/v/t51.2885-15/368687680_6723107031045951_6243810423096330422_n.jpg?stp=dst-jpg_e15_p360x360&_nc_ht=instagram.fluh3-1.fna.fbcdn.net&_nc_cat=103&_nc_ohc=3GvvfTvHi3AAX8iWTF8&edm=AJXOVykBAAAA&ccb=7-5&ig_cache_key=MzE3NDgxNTE0Mjk2NzkwMzc1OA%3D%3D.2-ccb7-5&oh=00_AfD_IUq23o6pvsqNgnTh09hfuq3u-13UHsFMzFCzEVT66A&oe=64EC542C&_nc_sid=07c3e7,wholesale999
https://www.instagram.com/p/CwNYkeHqSHk,https://instagram.fluh3-2.fna.fbcdn.net/v/t51.2885-15/368685474_3657425867861728_6978497798453256714_n.jpg?stp=dst-jpg_e15_p360x360&_nc_ht=instagram.fluh3-2.fna.fbcdn.net&_nc_cat=104&_nc_ohc=YIV_7MsaZGsAX--rXSU&edm=AJXOVykBAAAA&ccb=7-5&ig_cache_key=MzE3NDMwMTM3MTcyNDI3NjE5Ng%3D%3D.2-ccb7-5&oh=00_AfC1jhYytdsvQ_P5w2WR1_QlCslxsGwZZK22HyBegaqdTQ&oe=64EB98B2&_nc_sid=07c3e7,lets.eattogether
https://www.instagram.com/p/CuFSR6zO22I,https://instagram.fluh3-1.fna.fbcdn.net/v/t51.2885-15/356943807_285761077240275_8269467893124427581_n.jpg?stp=dst-jpg_e15_p360x360&_nc_ht=instagram.fluh3-1.fna.fbcdn.net&_nc_cat=103&_nc_ohc=QXHUaXildiEAX9o0_WW&edm=AJXOVykBAAAA&ccb=7-5&ig_cache_key=MzEzNTk5MzExMTczODI4MTM1MjM2NDYyNTExMzU2MDgyODk%3D.2-ccb7-5&oh=00_AfDUo-uLPfLrnEHnpNcZUVykbwuXSVF0q24byRh-htsHWQ&oe=64EBCE9C&_nc_sid=07c3e7,bombayjunktion
https://www.instagram.com/p/Cvr9-Ehp2rf,https://instagram.fluh3-2.fna.fbcdn.net/v/t51.2885-15/366005109_3535855363393781_1620300692023381997_n.jpg?stp=dst-jpg_e15_p360x360&_nc_ht=instagram.fluh3-2.fna.fbcdn.net&_nc_cat=105&_nc_ohc=OBKWdzUdCRkAX_y2Jf_&edm=AJXOVykBAAAA&ccb=7-5&ig_cache_key=MzE2NDg5NTcwOTQ2MjIyNzY3OQ%3D%3D.2-ccb7-5&oh=00_AfA6Ri_7h4KfhgyFbpAbf2T5OLzjUo520ekB9kOCkV1FYw&oe=64EBFBFB&_nc_sid=07c3e7,socialruffian
https://www.instagram.com/p/CwKjGJLIj2U,https://instagram.fluh3-2.fna.fbcdn.net/v/t51.2885-15/367711179_1977833412577438_996901006017342821_n.jpg?stp=dst-jpg_e15_p360x360&_nc_ht=instagram.fluh3-2.fna.fbcdn.net&_nc_cat=110&_nc_ohc=Xh52l6OAC6IAX8eJbXe&edm=AJXOVykBAAAA&ccb=7-5&ig_cache_key=MzE3MzUwMzI0MTIzMTE1NDU4MA%3D%3D.2-ccb7-5&oh=00_AfDQAB_FVs0TaLeZbEFimvL6xKnnZur4sGjHSZ3FPG1kUg&oe=64EC9F89&_nc_sid=07c3e7,urvashirampariya
https://www.instagram.com/p/CvsPQ6JPyZK,https://instagram.fluh3-1.fna.fbcdn.net/v/t51.2885-15/365467257_2658101537686220_8879155787205891546_n.jpg?stp=dst-jpg_e15_p360x360&_nc_ht=instagram.fluh3-1.fna.fbcdn.net&_nc_cat=108&_nc_ohc=l5oMvsZeJCkAX8Nd90g&edm=AJXOVykBAAAA&ccb=7-5&ig_cache_key=MzE2NDk3MTc3MDc3NjA2OTcwNg%3D%3D.2-ccb7-5&oh=00_AfDhFGoAksf_xRVaXcBTUSpPCaaYOaO1ynbxeC7TEKmoow&oe=64EC6247&_nc_sid=07c3e7,blissbowlofficial
https://www.instagram.com/p/Cvz2CBzgpS4,https://instagram.fluh3-1.fna.fbcdn.net/v/t51.2885-15/366938325_243792571935939_630872401912005176_n.jpg?stp=dst-jpg_e15_p360x360&_nc_ht=instagram.fluh3-1.fna.fbcdn.net&_nc_cat=103&_nc_ohc=1uK64opW9e8AX_lNbvi&edm=AJXOVykBAAAA&ccb=7-5&ig_cache_key=MzE2NzExMjU5Njg2MDA4MTMzNg%3D%3D.2-ccb7-5&oh=00_AfBPEy89arMjocNZXlYVUSzRvXQIs2HKRXQXyH7Orw-5TQ&oe=64EBE8CE&_nc_sid=07c3e7,mumbaidelights
https://www.instagram.com/p/CtMJK31AzLr,https://instagram.fluh3-1.fna.fbcdn.net/v/t51.2885-15/352158664_242165618455394_4439954068692221973_n.jpg?stp=dst-jpg_e15_p360x360&_nc_ht=instagram.fluh3-1.fna.fbcdn.net&_nc_cat=102&_nc_ohc=AojhsW_myWYAX9tfspo&edm=AJXOVykBAAAA&ccb=7-5&ig_cache_key=MzExOTkwODk3MTQxOTQ4MDgxMQ%3D%3D.2-ccb7-5&oh=00_AfBHT3Uw7E7JcleHo6MiqjpDffCRgR5VwYYcfhMPLTKleg&oe=64EBDA06&_nc_sid=07c3e7,stitchyourmap
https://www.instagram.com/p/Cvy4po3Iiz0,https://instagram.fluh3-1.fna.fbcdn.net/v/t51.2885-15/366411814_704928028131675_9004949908587364925_n.jpg?stp=dst-jpg_e15_p360x360&_nc_ht=instagram.fluh3-1.fna.fbcdn.net&_nc_cat=103&_nc_ohc=Si4npiTN6d0AX_0Q6s5&edm=AJXOVykBAAAA&ccb=7-5&ig_cache_key=MzE2Njg0MjYzOTk3MjcwNzU3Mg%3D%3D.2-ccb7-5&oh=00_AfBCSGDoeEZ9Z8I_WtiI8SvQjZ2nJseOOXqPTaLO1TI3TA&oe=64EC782C&_nc_sid=07c3e7,thecrazyindianfoodie
https://www.instagram.com/p/Cu4jOaOKYpb,https://instagram.fluh3-1.fna.fbcdn.net/v/t51.2885-15/361573097_1518197592368438_972217832467994804_n.jpg?stp=dst-jpg_e15_p360x360&_nc_ht=instagram.fluh3-1.fna.fbcdn.net&_nc_cat=102&_nc_ohc=gU1a04do2xkAX_Pr7DZ&edm=AJXOVykBAAAA&ccb=7-5&ig_cache_key=MzE1MDQyMjg2MTIwMTExNTczOQ%3D%3D.2-ccb7-5&oh=00_AfAQnK1LZ_HT_L6Jzlltep842rdVNeCbwIZmwbO9nXrXmw&oe=64EBD80F&_nc_sid=07c3e7,__mandar__
https://www.instagram.com/p/CvJ2XBioCYt,https://instagram.fluh3-2.fna.fbcdn.net/v/t51.2885-15/362692957_256572807131397_2335546294800192353_n.jpg?stp=dst-jpg_e15_p360x360&_nc_ht=instagram.fluh3-2.fna.fbcdn.net&_nc_cat=109&_nc_ohc=CQ6nvIbTKtoAX99xjRe&edm=AJXOVykBAAAA&ccb=7-5&ig_cache_key=MzE1NTI5MjA5MDY2Mzk3MDM0OQ%3D%3D.2-ccb7-5&oh=00_AfBbXgCmQpZOFYNzHjouWVhRADTh1wJd4DtIAwcm1lY3Tg&oe=64EC9B30&_nc_sid=07c3e7,mycrazemyfood
https://www.instagram.com/p/CwHeNdSpv1E,https://instagram.fluh3-1.fna.fbcdn.net/v/t51.2885-15/368137038_1581436609342351_7592976955941008949_n.jpg?stp=dst-jpg_e15_p360x360&_nc_ht=instagram.fluh3-1.fna.fbcdn.net&_nc_cat=107&_nc_ohc=ckKClHg-2fkAX_ggbof&edm=AJXOVykBAAAA&ccb=7-5&ig_cache_key=MzE3MjYzNzMyODcwNTc4MTA2MA%3D%3D.2-ccb7-5&oh=00_AfBsjAQdD8L2r1WOT9-hybaJEoB_nNMxMstVogxMrm_KJg&oe=64EB5FF3&_nc_sid=07c3e7,foodiesofindia
https://www.instagram.com/p/CtMExLZtgZo,https://instagram.fluh3-2.fna.fbcdn.net/v/t51.2885-15/351756864_633096328440676_2443258366084131113_n.jpg?stp=dst-jpg_e15_p360x360&_nc_ht=instagram.fluh3-2.fna.fbcdn.net&_nc_cat=104&_nc_ohc=uWxbww9iAi4AX82tVVp&edm=AJXOVykBAAAA&ccb=7-5&ig_cache_key=MzExOTg4OTYxMzU0MzgzNTI0MA%3D%3D.2-ccb7-5&oh=00_AfD64MkK8-tQ0toumvBrvnDXWG863iyYbuxPfgoV76Vang&oe=64EBC19E&_nc_sid=07c3e7,_scorpion_lifee
https://www.instagram.com/p/CumuGvmIDgi,https://instagram.fluh3-1.fna.fbcdn.net/v/t51.2885-15/359713744_1026060408388670_8726618932148256816_n.jpg?stp=dst-jpg_e15_p360x360&_nc_ht=instagram.fluh3-1.fna.fbcdn.net&_nc_cat=102&_nc_ohc=VbXFtI504WMAX-6laUl&edm=AJXOVykBAAAA&ccb=7-5&ig_cache_key=MzE0NTQwNDE2MzMyNjc1MjgwMjIwMzk5MzM3ODk3MDA3NDA%3D.2-ccb7-5&oh=00_AfA9uP2xlX_3bZfaJW6oYuqU_9EUOc420CjCFd4ZDkuh_w&oe=64EB73CF&_nc_sid=07c3e7,_foodchronicles_
https://www.instagram.com/p/Ct6IoOeA_AH,https://instagram.fluh3-2.fna.fbcdn.net/v/t51.2885-15/355616788_241157105294393_1894621113180390512_n.jpg?stp=dst-jpg_e15_p360x360&_nc_ht=instagram.fluh3-2.fna.fbcdn.net&_nc_cat=105&_nc_ohc=rbcMcnpJL2gAX-ycF2d&edm=AJXOVykBAAAA&ccb=7-5&ig_cache_key=MzEzMjg1NDQzOTQ3NjcxOTYyMw%3D%3D.2-ccb7-5&oh=00_AfDcoetx02xEUDIA767wzJiQR-3LIAfhUPu8XY5hX3A-LA&oe=64EC9F12&_nc_sid=07c3e7,food_psycho
https://www.instagram.com/p/Cvr75nBIlCC,https://instagram.fluh3-2.fna.fbcdn.net/v/t51.2885-15/365502075_619313540035907_1098511392328906568_n.jpg?stp=dst-jpg_e15_p360x360&_nc_ht=instagram.fluh3-2.fna.fbcdn.net&_nc_cat=111&_nc_ohc=rDy-ygYIr8YAX-wOCrU&edm=AJXOVykBAAAA&ccb=7-5&ig_cache_key=MzE2NDg4NjYwNjgwNzE5MTY4Mg%3D%3D.2-ccb7-5&oh=00_AfC6khE8YYO6jwa16CfnJVQ1YorBZdceMO2kvoUPPlsuVw&oe=64EC4D04&_nc_sid=07c3e7,lets.eattogether
https://www.instagram.com/p/CuoNmWuseZM,https://instagram.fluh3-2.fna.fbcdn.net/v/t51.2885-15/359850096_304040305413593_8551835053775948772_n.jpg?stp=dst-jpg_e15_p360x360&_nc_ht=instagram.fluh3-2.fna.fbcdn.net&_nc_cat=105&_nc_ohc=pl6Wil3yCN0AX-U385_&edm=AJXOVykBAAAA&ccb=7-5&ig_cache_key=MzE0NTgyNDE1MDA2ODc4MjY2OA%3D%3D.2-ccb7-5&oh=00_AfBBbmOYbVE-qXkgUMyfQ6F6-GW_UVXXbiagbxEp5GyQCQ&oe=64EC2507&_nc_sid=07c3e7,bbuzzz08
https://www.instagram.com/p/Cv9bvA_vDKG,https://instagram.fluh3-2.fna.fbcdn.net/v/t51.2885-15/367438719_826127199137951_6243474764574848253_n.jpg?stp=dst-jpg_e15_p360x360&_nc_ht=instagram.fluh3-2.fna.fbcdn.net&_nc_cat=111&_nc_ohc=qDC0KebbbWsAX9z_swC&edm=AJXOVykBAAAA&ccb=7-5&ig_cache_key=MzE2OTgxMTY5MDg3OTIwMTkyNg%3D%3D.2-ccb7-5&oh=00_AfAM04eMwaxxyr7N7TC8v9RUuP2AkYHW723ahBM5xR8kLA&oe=64EB8CF9&_nc_sid=07c3e7,theglocaljournal
https://www.instagram.com/p/Cv3zdR1M_9a,https://instagram.fluh3-2.fna.fbcdn.net/v/t51.2885-15/366990149_593499229656792_2804299488265127183_n.jpg?stp=dst-jpg_e15_p360x360&_nc_ht=instagram.fluh3-2.fna.fbcdn.net&_nc_cat=100&_nc_ohc=zC0BEkhyUsIAX_mPrmZ&edm=AJXOVykBAAAA&ccb=7-5&ig_cache_key=MzE2ODIyNzE3NTI2MTUzNjA5MA%3D%3D.2-ccb7-5&oh=00_AfBNG4qfQbshvtsCFRVytfJin6_Ld87V7hyH_OZulv7s3g&oe=64EB531E&_nc_sid=07c3e7,escapesbeyond9to5
https://www.instagram.com/p/CtRdlfcg4tb,https://instagram.fluh3-1.fna.fbcdn.net/v/t51.2885-15/352439683_6424517930941878_9026885360149877428_n.jpg?stp=dst-jpg_e15_p360x360&_nc_ht=instagram.fluh3-1.fna.fbcdn.net&_nc_cat=106&_nc_ohc=lh_7kbgCwJ0AX-zfe6c&edm=AJXOVykBAAAA&ccb=7-5&ig_cache_key=MzEyMTQwNjEzNjQ3ODMwNTExNQ%3D%3D.2-ccb7-5&oh=00_AfBpMo7zdzhnh4gwiHrmH1H4KlMeu5T-Mij5MVhfJB6fIA&oe=64EB981F&_nc_sid=07c3e7,greenleaf.kalyan
https://www.instagram.com/p/Cv3yEWkI-5r,https://instagram.fluh3-1.fna.fbcdn.net/v/t51.2885-15/367993173_127675310415366_223544890208276965_n.jpg?stp=dst-jpg_e15_p360x360&_nc_ht=instagram.fluh3-1.fna.fbcdn.net&_nc_cat=106&_nc_ohc=DYndhI6GD1oAX8kXonF&edm=AJXOVykBAAAA&ccb=7-5&ig_cache_key=MzE2ODIyMTA2NDMxMDU1MDEyMzEwMTI4NDA0MzMyMjk5Mjg%3D.2-ccb7-5&oh=00_AfCF8E1JYBaXCT8cUvzTKsWXwe2_YAAXl1oawSQAVA1jxA&oe=64EBA8B2&_nc_sid=07c3e7,paperboard.mag
https://www.instagram.com/p/CvaDpBHtWrU,https://instagram.fluh3-1.fna.fbcdn.net/v/t51.2885-15/364418388_307010331801999_418286158029127751_n.jpg?stp=dst-jpg_e15_p360x360&_nc_ht=instagram.fluh3-1.fna.fbcdn.net&_nc_cat=103&_nc_ohc=r5ZlXx7cPZ8AX-OETQx&edm=AJXOVykBAAAA&ccb=7-5&ig_cache_key=MzE1OTg1NDEwMTM5NDk3NTQ0NDEwOTIwMjI3NTU4NDkxOA%3D%3D.2-ccb7-5&oh=00_AfCo_DwYoQGdrJro_o8FqCV-JkGBsmuVyy9tWxLmIQ_FFg&oe=64EC5E42&_nc_sid=07c3e7,jivachi_mumbai
https://www.instagram.com/p/CuADAFcJd46,https://instagram.fluh3-2.fna.fbcdn.net/v/t51.2885-15/356235720_232336136322928_5077379713540491624_n.jpg?stp=dst-jpg_e15_p360x360&_nc_ht=instagram.fluh3-2.fna.fbcdn.net&_nc_cat=104&_nc_ohc=cz0NcYl4w3UAX9H-eXA&edm=AJXOVykBAAAA&ccb=7-5&ig_cache_key=MzEzNDUxODU0MDYzMDM1MTQxOA%3D%3D.2-ccb7-5&oh=00_AfDpCQ0_jD3Nbhmzh7FHhkHjinneewoEBiPRK58osdqJ9w&oe=64EBADDB&_nc_sid=07c3e7,theattractivealiment
https://www.instagram.com/p/Cv9OzBtpGQ_,https://instagram.fluh3-1.fna.fbcdn.net/v/t51.2885-15/367627203_798722175592652_6849028482912597836_n.jpg?stp=dst-jpg_e15_p360x360&_nc_ht=instagram.fluh3-1.fna.fbcdn.net&_nc_cat=108&_nc_ohc=67aG0yE5ecUAX_4iQtL&edm=AJXOVykBAAAA&ccb=7-5&ig_cache_key=MzE2OTc1NDc5MTkyMjY1NjMxOQ%3D%3D.2-ccb7-5&oh=00_AfBwtxRC1SZ8x2-tw2JtwqHeQ_xFkflqyDuh1diIxW1lZw&oe=64EC898C&_nc_sid=07c3e7,urban.nxt
https://www.instagram.com/p/CtWrZQXK-54,https://instagram.fluh3-2.fna.fbcdn.net/v/t51.2885-15/361104940_954444188948951_951560077107520677_n.jpg?stp=dst-jpg_e15_p360x360&_nc_ht=instagram.fluh3-2.fna.fbcdn.net&_nc_cat=111&_nc_ohc=FUVK8dJ_jw8AX-d3mIV&edm=AJXOVykBAAAA&ccb=7-5&ig_cache_key=MzEyMjg3NDI0MzE4MzUzNzc4NDIzMjQ1NTQzOTY5MzkwNw%3D%3D.2-ccb7-5&oh=00_AfD-Ip5J2vFjSSjhKioZpljjgcRU9CyhK-6bjE-TVOvYog&oe=64EBB803&_nc_sid=07c3e7,__mandar__
https://www.instagram.com/p/CvkmaDyssyx,https://instagram.fluh3-2.fna.fbcdn.net/v/t51.2885-15/364953593_840688967401452_4733915842200536588_n.jpg?stp=dst-jpg_e15_p360x360&_nc_ht=instagram.fluh3-2.fna.fbcdn.net&_nc_cat=100&_nc_ohc=EFVrRsM_yMgAX9RENOr&edm=AJXOVykBAAAA&ccb=7-5&ig_cache_key=MzE2MjgyMTc1NDg2NjU1MTk4NQ%3D%3D.2-ccb7-5&oh=00_AfCTNTSHcCcib2djPaQKcEC3-WDAobLzO8vfAjmkHEldZw&oe=64EBB5A6&_nc_sid=07c3e7,_foodchronicles_
https://www.instagram.com/p/Ct88TEyIsD0,https://instagram.fluh3-2.fna.fbcdn.net/v/t51.2885-15/356266657_241347155320713_7334635822300007277_n.jpg?stp=dst-jpg_e15_p360x360&_nc_ht=instagram.fluh3-2.fna.fbcdn.net&_nc_cat=109&_nc_ohc=cOxNagYmtysAX-BpkXV&edm=AJXOVykBAAAA&ccb=7-5&ig_cache_key=MzEzMzY0NDYzNDMzOTg1MjUzMg%3D%3D.2-ccb7-5&oh=00_AfD7vBPz6yVv7F-wA9-6E7nDoR9B-mSIJGJb0HfO_IcPWw&oe=64EC7C7F&_nc_sid=07c3e7,boltminor
https://www.instagram.com/p/CwEw_gxI3h4,https://instagram.fluh3-2.fna.fbcdn.net/v/t51.2885-15/367887116_1835586146843722_1110130671338148942_n.jpg?stp=dst-jpg_e15_p360x360&_nc_ht=instagram.fluh3-2.fna.fbcdn.net&_nc_cat=110&_nc_ohc=n7vWB7k_-tYAX9Abifb&edm=AJXOVykBAAAA&ccb=7-5&ig_cache_key=MzE3MTg3NTUwODMxOTM4NTcyMA%3D%3D.2-ccb7-5&oh=00_AfAd7muJ4JaL_SA3McxW8Vt3W0KRP4K6FlVm1jhQAGMyVg&oe=64EC1851&_nc_sid=07c3e7,paperboard.mag
https://www.instagram.com/p/CtRlOvupWGX,https://instagram.fluh3-2.fna.fbcdn.net/v/t51.2885-15/352242490_3563146963972600_7672455771909342204_n.jpg?stp=dst-jpg_e15_p360x360&_nc_ht=instagram.fluh3-2.fna.fbcdn.net&_nc_cat=104&_nc_ohc=1LzC1vlo0AsAX9Oaffa&edm=AJXOVykBAAAA&ccb=7-5&ig_cache_key=MzEyMTQzOTc1Nzc4NjUwNTYyMw%3D%3D.2-ccb7-5&oh=00_AfA91oCd6h0yq_DDny5LAq65hH_US7o-rNqk5WoyRU7asg&oe=64EB7F35&_nc_sid=07c3e7,victual_diaries
https://www.instagram.com/p/Cu4QLpgNbMY,https://instagram.fluh3-2.fna.fbcdn.net/v/t51.2885-15/361145558_997111238390962_7887856909855976195_n.jpg?stp=dst-jpg_e15_p360x360&_nc_ht=instagram.fluh3-2.fna.fbcdn.net&_nc_cat=110&_nc_ohc=mMYYkWACrm0AX9NlDaW&edm=AJXOVykBAAAA&ccb=7-5&ig_cache_key=MzE1MDMzOTEwODU2Nzg4ODY2NA%3D%3D.2-ccb7-5&oh=00_AfCBuvHkbiMbFF0X93rU0w_Rr8kxvSjWkPCaE1zkshwKig&oe=64EBA935&_nc_sid=07c3e7,sunsets.in.style
https://www.instagram.com/p/CueZhw7oHKR,https://instagram.fluh3-1.fna.fbcdn.net/v/t51.2885-15/358350725_195919606783988_9202158149693933586_n.jpg?stp=dst-jpg_e15_p360x360&_nc_ht=instagram.fluh3-1.fna.fbcdn.net&_nc_cat=108&_nc_ohc=-FhbB_JAeNIAX8yqA92&edm=AJXOVykBAAAA&ccb=7-5&ig_cache_key=MzE0MzA2MTg2MTM5NjY3MzE2OQ%3D%3D.2-ccb7-5&oh=00_AfAuMVK_YlN8GgyH73xQRfXryVKYKBUXCmBiw20EyMenCA&oe=64EBA706&_nc_sid=07c3e7,urvashirampariya
https://www.instagram.com/p/CtJKOtGIize,https://instagram.fluh3-2.fna.fbcdn.net/v/t51.2885-15/351446817_266206499232352_5346544543387380249_n.jpg?stp=dst-jpg_e15_p360x360&_nc_ht=instagram.fluh3-2.fna.fbcdn.net&_nc_cat=104&_nc_ohc=9smgOnYL4fsAX_1iXFu&edm=AJXOVykBAAAA&ccb=7-5&ig_cache_key=MzExOTA2OTIwNzg4OTg0OTU2NjEzMDY5OTY0MjAxNzU1MzQ%3D.2-ccb7-5&oh=00_AfCMiRaVzZlQ5QWXe1bETzP7fuSlRG9iQpA1voTjHsuJSQ&oe=64EC0FF8&_nc_sid=07c3e7,things2exploreinmumbai
https://www.instagram.com/p/CwC3IKEpjrx,https://instagram.fluh3-2.fna.fbcdn.net/v/t51.2885-15/368372571_640679914823668_6762386349571212384_n.jpg?stp=dst-jpg_e15_p360x360&_nc_ht=instagram.fluh3-2.fna.fbcdn.net&_nc_cat=104&_nc_ohc=IW-d1CGMawMAX_uVRqi&edm=AJXOVykBAAAA&ccb=7-5&ig_cache_key=MzE3MTMzOTU0MDc1MTU5NjI3Mw%3D%3D.2-ccb7-5&oh=00_AfCWsn_JuVbXGL9oooGnjxOWUqM0moNeTxxfn9vhsGLilw&oe=64EC4155&_nc_sid=07c3e7,wanderingminds_india
https://www.instagram.com/p/CwAMrULIFdd,https://instagram.fluh3-2.fna.fbcdn.net/v/t51.2885-15/368708054_281197801204654_7312637175768452291_n.jpg?stp=dst-jpg_e15_p360x360&_nc_ht=instagram.fluh3-2.fna.fbcdn.net&_nc_cat=110&_nc_ohc=wW0BoNZ3bLEAX-0_-VC&edm=AJXOVykBAAAA&ccb=7-5&ig_cache_key=MzE3MDU4OTg5MDgyNTk2NzQ1MzEwNDA3MjgyOTM1ODU2OTg%3D.2-ccb7-5&oh=00_AfAGUKRZhEpvpYQQMTqtWKbkgQ_qjRHuUZgA12ius7HcNg&oe=64EB6DD1&_nc_sid=07c3e7,lbb.mumbai
https://www.instagram.com/p/CujoV2HOazd,https://instagram.fluh3-2.fna.fbcdn.net/v/t51.2885-15/359463240_1349905319070641_5261094861900604668_n.jpg?stp=dst-jpg_e15_p360x360&_nc_ht=instagram.fluh3-2.fna.fbcdn.net&_nc_cat=105&_nc_ohc=h257mB7PSSQAX9f2Twm&edm=AJXOVykBAAAA&ccb=7-5&ig_cache_key=MzE0NDUzNDM4NzkwNzQ3MjYwNTI4NTc2MTg3MTQzNjkxODI%3D.2-ccb7-5&oh=00_AfDsrYRBZFikhvzisZPJVVqgDnDCg2-4BdBx7gtHiVM36A&oe=64EC9AF3&_nc_sid=07c3e7,theglocaljournal
https://www.instagram.com/p/CsnSngYsltq,https://instagram.fluh3-2.fna.fbcdn.net/v/t51.2885-15/348744091_956971728767218_6980407808780497910_n.jpg?stp=dst-jpg_e15_p360x360&_nc_ht=instagram.fluh3-2.fna.fbcdn.net&_nc_cat=110&_nc_ohc=kTI5d1PGhBwAX_W3D48&edm=AJXOVykBAAAA&ccb=7-5&ig_cache_key=MzEwOTUzNTk0NzM5MzQ4OTc3MA%3D%3D.2-ccb7-5&oh=00_AfAOCs0Wv5dUvEwfl0dizCYvHk9WnwbQeBxmOKJs7xpM2A&oe=64EB96E7&_nc_sid=07c3e7,bbuzzz08
https://www.instagram.com/p/Ct0iHJqgBla,https://instagram.fluh3-2.fna.fbcdn.net/v/t51.2885-15/355410657_1423234628510338_5802430385088477506_n.jpg?stp=dst-jpg_e15&_nc_ht=instagram.fluh3-2.fna.fbcdn.net&_nc_cat=110&_nc_ohc=UyqEiZ_vu98AX98g6-g&edm=AJXOVykBAAAA&ccb=7-5&ig_cache_key=MzEzMTI3NzY2NTkyMzc2NjYxOA%3D%3D.2-ccb7-5&oh=00_AfBi6LYkFyCBN1FGX3oLPg3x2EYHgT0fRD-tHjxxi-tN8w&oe=64EB9E2A&_nc_sid=07c3e7,gaggi2468
